m_max,mean_bh_mass,reading,seed,elapsed_s,n_steps,n_mergers,max_mass,max_spin,p99_mass,n_gt_100,pct_gt_100,any_gt_100,n_emri,pct_emri,n_ejected,max_generation
16.0,10.195454478232662,star_only,1,441.46144247055054,45752,22,48.85889594144368,-0.6969046707503953,23.444918900950142,0,0.0,False,321,32.1,0,4
20.118934874926964,11.669486968369691,star_only,1,479.3068227767944,50440,33,71.44081758173488,-0.3944599624023377,35.030718294743686,0,0.0,False,310,31.0,0,3
16.0,10.195454478232662,star_only,2,499.18263125419617,53249,36,55.514676208732304,0.1662969125493601,28.665459041290998,0,0.0,False,301,30.1,0,3
16.0,10.195454478232662,star_only,0,520.1941676139832,54603,32,42.917199873441405,-0.1209182639160379,25.11480107939318,0,0.0,False,315,31.5,0,3
25.298221281347036,13.411092195249925,star_only,0,457.4079303741455,47707,79,229.13004987904907,-0.0800588546062905,49.492400563358665,2,0.2,True,310,31.0,0,9
20.118934874926964,11.669486968369691,star_only,2,495.4026470184326,51950,39,72.06618214951352,0.2728562513834252,35.00535652173565,0,0.0,False,316,31.6,0,3
25.298221281347036,13.411092195249925,star_only,1,436.0809762477875,44972,41,69.79526025446485,-0.3777916600907902,43.65328384292565,0,0.0,False,321,32.1,0,3
20.118934874926964,11.669486968369691,star_only,0,554.7538332939148,58751,47,81.45938614171585,-0.1719829027087827,36.55991195340768,0,0.0,False,332,33.2,0,3
25.298221281347036,13.411092195249925,star_only,2,437.2348399162293,45495,50,65.36306817831753,-0.5150945255691375,47.69706267746665,0,0.0,False,295,29.5,0,4
31.81082915068204,15.473679386078372,star_only,1,393.94053626060486,41894,73,216.3127798817728,0.3048257707744698,58.31880828292991,1,0.1,True,321,32.1,0,7
31.81082915068204,15.473679386078372,star_only,0,432.7855546474457,45174,99,131.06505384446248,0.3949024215336338,67.81095885834782,4,0.4,True,313,31.3,0,5
40.000000000000014,17.92190281630776,star_only,1,423.6631026268005,43880,120,247.6806802769893,-0.3143692804940862,102.43820551501771,11,1.1,True,330,33.0,2,8
40.000000000000014,17.92190281630776,star_only,0,442.1788034439087,46584,151,645.7707925740667,0.2723606565136832,96.73779478506296,10,1.0,True,310,31.0,1,16
40.000000000000014,17.92190281630776,star_only,2,437.3873209953308,45653,84,213.72121621376107,-0.2743389214269212,74.69457660021308,5,0.5,True,335,33.5,0,5
31.81082915068204,15.473679386078372,star_only,2,505.6149363517761,53166,76,210.18836622579377,0.0545467690569073,67.07098308224163,4,0.4,True,330,33.0,1,4
50.297337187317424,20.83411247580807,star_only,0,506.0344784259796,52524,149,335.71803403448706,0.2426292880822171,118.73432473630274,15,1.5,True,330,33.0,0,7
50.297337187317424,20.83411247580807,star_only,1,476.7017011642456,52353,217,2533.598263068645,0.0319258098020469,121.91237594566344,15,1.5,True,325,32.5,1,47
50.297337187317424,20.83411247580807,star_only,2,482.6647357940674,52688,160,933.7463401041344,-0.0764456571009762,125.00251122821786,20,2.0,True,340,34.0,1,21
63.24555320336759,24.305351914324763,star_only,1,443.37138628959656,48646,304,895.6009240729395,0.0766024785825786,220.5983371605971,50,5.0,True,325,32.5,2,26
63.24555320336759,24.305351914324763,star_only,2,437.22053241729736,46543,249,711.9488439015562,0.050926797830094,171.34402261197437,38,3.8,True,314,31.4,0,17
79.52707287670508,28.451027657876885,star_only,1,521.0480756759644,57911,410,2046.7180632841191,0.0356795803687935,346.64587833406307,68,6.8,True,309,30.9,0,43
63.24555320336759,24.305351914324763,star_only,0,593.7049283981323,66697,360,4010.72257203772,-0.0567013240900375,218.9897715902601,46,4.6,True,343,34.3,2,63
79.52707287670508,28.451027657876885,star_only,2,487.67054176330566,56310,430,1539.2077348192176,-0.080551231661122,358.51543749774896,74,7.4,True,360,36.0,1,32
79.52707287670508,28.451027657876885,star_only,0,889.3156502246857,119751,686,15037.072625190964,-0.0025131862215192,416.305427520119,81,8.1,True,373,37.3,7,108
100.0,33.411403262248086,star_only,0,660.5947651863098,89965,1217,9443.734341698188,-0.0088477513557638,718.1885434150807,139,13.9,True,366,36.6,1,181
100.0,33.411403262248086,star_only,1,649.1096701622009,89544,1041,9180.957602805483,0.0122598510830013,741.8717983195063,125,12.5,True,346,34.6,3,166
100.0,33.411403262248086,star_only,2,1634.9678618907928,268092,923,89870.14308980847,-0.0336976674898028,676.7731398910237,117,11.7,True,344,34.4,3,214
20.118934874926964,11.669486968369691,star_only,7,407.6844818592072,39341,24,91.3889093207388,0.300686376232978,31.34094579105862,0,0.0,False,311,31.1,0,4
20.118934874926964,11.669486968369691,star_only,6,414.60059881210327,40195,41,78.365713716948,0.1931339722849961,35.40100594450305,0,0.0,False,319,31.9,0,4
22.56043586482567,12.503743018155951,star_only,1,466.1571848392487,45940,54,83.5773796742116,0.4163591477147622,38.90215164336328,0,0.0,False,337,33.7,0,4
20.118934874926964,11.669486968369691,star_only,4,496.7744653224945,48279,47,60.06475756030641,0.2864558467475553,35.41812481481928,0,0.0,False,304,30.4,0,3
22.56043586482567,12.503743018155951,star_only,2,521.9562046527863,50694,47,73.51120805771329,0.1940288972728474,40.46155633524933,0,0.0,False,312,31.2,0,5
20.118934874926964,11.669486968369691,star_only,5,522.1597366333008,51034,40,98.6717925093835,0.4679574844990793,36.97270711871,0,0.0,False,332,33.2,0,5
20.118934874926964,11.669486968369691,star_only,3,551.5917932987213,55718,42,56.8352936217907,-0.3185100162474206,34.14106255656171,0,0.0,False,334,33.4,0,3
22.56043586482567,12.503743018155951,star_only,0,581.9958086013794,58438,60,136.77843003391985,-0.2330749459882347,42.41562334008233,2,0.2,True,352,35.2,0,7
22.56043586482567,12.503743018155951,star_only,3,500.6661114692688,50982,58,122.78694401752074,-0.3259845246290037,42.34443793479238,1,0.1,True,331,33.1,0,6
22.56043586482567,12.503743018155951,star_only,4,506.3060657978058,49936,59,151.1948308489869,-0.2472354425015207,43.7202393311522,1,0.1,True,306,30.6,0,6
22.56043586482567,12.503743018155951,star_only,6,475.3321866989136,46718,31,77.83786486512706,0.0921121725433345,39.1798737709647,0,0.0,False,306,30.6,0,3
22.56043586482567,12.503743018155951,star_only,7,458.5447683334351,46218,43,67.6910465932349,0.4402183710662233,38.6249595017764,0,0.0,False,341,34.1,0,3
22.56043586482567,12.503743018155951,star_only,5,514.5062839984894,51418,39,74.92213847264304,-0.2320489991077971,34.302088377575146,0,0.0,False,334,33.4,0,4
25.298221281347036,13.411092195249925,star_only,3,467.3445889949799,46861,63,73.37842508249639,0.0853957049116436,44.977535530669705,0,0.0,False,324,32.4,0,4
25.298221281347036,13.411092195249925,star_only,5,431.41909623146057,42936,68,185.92480409830088,0.1600608650240642,46.39152865383124,1,0.1,True,348,34.8,0,7
25.298221281347036,13.411092195249925,star_only,4,468.5994572639465,45845,48,112.4118911837964,0.5368678815229618,44.59643038710107,1,0.1,True,313,31.3,0,4
25.298221281347036,13.411092195249925,star_only,7,358.1672673225403,37250,37,109.08073228219656,-0.0178596202809339,40.47780590954569,1,0.1,True,321,32.1,0,4
25.298221281347036,13.411092195249925,star_only,6,392.185476064682,40985,46,59.16795540425395,0.6087763566411643,43.990089191725936,0,0.0,False,309,30.9,0,3
28.368246244649647,14.39851202492581,star_only,3,428.17544174194336,46310,80,128.96814800609326,-0.086830814023446,59.39836602093597,2,0.2,True,318,31.8,1,5
28.368246244649647,14.39851202492581,star_only,5,404.2566175460816,43262,60,111.8288943722482,-0.0839323361782422,54.87705030251701,1,0.1,True,334,33.4,1,3
28.368246244649647,14.39851202492581,star_only,2,444.658899307251,45732,64,153.18468095469228,0.1620243089465142,54.19403462879549,1,0.1,True,298,29.8,0,5
28.368246244649647,14.39851202492581,star_only,0,471.00331139564514,50233,71,199.58237254055595,-0.0746716837237517,50.66709708935436,2,0.2,True,331,33.1,0,8
28.368246244649647,14.39851202492581,star_only,1,470.197226524353,48715,72,122.50636909047851,-0.1053728955856383,58.944897377870426,2,0.2,True,322,32.2,0,5
28.368246244649647,14.39851202492581,star_only,4,481.6418256759644,51636,72,123.92469801110556,-0.3382124722373041,49.60484281058205,1,0.1,True,341,34.1,0,4
28.368246244649647,14.39851202492581,star_only,6,419.5464301109314,45178,43,93.46467937571109,-0.2349660384197061,45.96302369080659,0,0.0,False,296,29.6,0,3
28.368246244649647,14.39851202492581,star_only,7,485.2367689609528,54261,35,80.44896859340533,-0.366759426545937,43.74933139459061,0,0.0,False,342,34.2,0,4
31.81082915068204,15.473679386078372,star_only,3,408.9408378601074,47372,88,237.082608504704,-0.1986929414306329,61.26218079981352,3,0.3,True,337,33.7,1,11
31.81082915068204,15.473679386078372,star_only,5,416.314959526062,47653,99,296.72051924303844,0.0769626670590808,68.60408292894351,3,0.3,True,349,34.9,0,9
31.81082915068204,15.473679386078372,star_only,7,402.654269695282,47276,49,96.93316784458035,0.4154641667527393,51.62872467907468,0,0.0,False,336,33.6,0,3
31.81082915068204,15.473679386078372,star_only,6,412.4800362586975,48091,63,83.88132442267768,0.5619795926039209,58.45271000232706,0,0.0,False,311,31.1,0,4
31.81082915068204,15.473679386078372,star_only,4,444.90690183639526,50383,84,275.53491420587824,-0.0165209812431482,63.94233392930211,2,0.2,True,312,31.2,0,9
