m_smbh,coulomb_log,a_min_pc,reading,seed,elapsed_s,n_steps,final_time_gyr,hit_step_ceiling,n_mergers,max_mass,max_spin,p99_mass,n_gt_100,pct_gt_100,any_gt_100,n_emri,pct_emri,n_ejected,max_generation
126491.1,11.747927228943405,0.001,star_only,7,23.05166721343994,7776,7.16765127991578,False,93,535.264990858789,0.22911472680496203,123.41427249060266,20,2.0,True,983,98.3,17,16
126491.1,11.747927228943405,0.001,star_only,5,26.025871992111206,9807,10.0,False,121,435.3786825302821,0.36525482881408994,141.1901136131405,34,3.4,True,970,97.0,29,14
126491.1,11.747927228943405,0.001,star_only,1,26.137404918670654,9351,8.90967042882996,False,93,307.1133041417693,0.4727450913416275,129.87963183505474,30,3.0,True,979,97.9,21,7
126491.1,11.747927228943405,0.001,star_only,3,26.91115403175354,9378,8.88220566387725,False,112,246.77055760339715,-0.5213802201929535,138.19022739433115,35,3.5,True,975,97.5,25,9
126491.1,11.747927228943405,0.001,star_only,6,28.0774827003479,10288,9.999930378636503,False,106,461.86773411788886,0.45583175664308856,156.27077942224872,24,2.4,True,976,97.6,24,10
126491.1,11.747927228943405,0.001,star_only,0,32.29577326774597,11258,10.0,False,155,566.1206843429829,0.056981759265967,180.870458431969,39,3.9,True,979,97.9,20,20
126491.1,11.747927228943405,0.001,star_only,4,42.06543159484863,15065,10.0,False,312,5154.303044717179,-0.016788166050068408,218.17416738803576,35,3.5,True,970,97.0,29,167
126491.1,11.747927228943405,0.001,bh_inclusive,0,115.56472611427307,64531,10.0,False,1,170.9891757238619,0.6836438509038102,97.68865305424953,2,0.2,True,892,89.2,106,2
126491.1,11.747927228943405,0.001,bh_inclusive,1,117.2503547668457,67027,9.957559217858915,False,0,99.98079087502445,0.007548506308542739,96.53000128636864,0,0.0,False,901,90.1,99,1
126491.1,11.747927228943405,0.001,bh_inclusive,4,119.92560577392578,69706,10.0,False,0,99.55452051455686,0.0,97.42742802644462,0,0.0,False,907,90.7,92,1
126491.1,11.747927228943405,0.001,bh_inclusive,2,128.27638459205627,73649,10.0,False,1,99.98820870004378,0.0,96.39455129460063,0,0.0,False,892,89.2,105,2
126491.1,11.747927228943405,0.001,bh_inclusive,3,128.78598475456238,75373,10.0,False,1,109.7189881190425,0.531028382608958,96.605379181587,1,0.1,True,888,88.8,107,2
126491.1,11.747927228943405,0.001,bh_inclusive,5,125.91540670394897,70703,10.0,False,0,99.81394088020865,0.0,97.84369214403975,0,0.0,False,900,90.0,99,1
126491.1,11.747927228943405,0.001,bh_inclusive,6,123.73995566368103,72741,10.0,False,0,99.49249908798629,0.0,97.85099618499609,0,0.0,False,905,90.5,89,1
400000.0,12.89921982609012,0.001,star_only,2,103.26328468322754,19480,10.0,False,315,2710.912014151445,-0.02152156502364064,231.55464620081918,64,6.4,True,924,92.4,28,78
126491.1,11.747927228943405,0.001,bh_inclusive,7,121.80987310409546,73681,10.0,False,0,99.73553957233608,0.0,97.1753207783625,0,0.0,False,891,89.1,105,1
126491.1,11.747927228943405,0.001,star_only,2,267.988888502121,47862,8.622785551270912,False,579,26903.093367962876,-0.024569312323883614,129.6614890279442,29,2.9,True,986,98.6,14,497
400000.0,12.89921982609012,0.001,star_only,3,148.80377745628357,31422,10.0,False,675,9116.998269581269,0.009931662303636683,292.9858927462067,61,6.1,True,930,93.0,12,243
400000.0,12.89921982609012,0.001,bh_inclusive,0,52.91057538986206,23381,10.0,False,2,115.85833835321999,0.4402898287791992,97.78119930700801,2,0.2,True,934,93.4,30,2
400000.0,12.89921982609012,0.001,bh_inclusive,1,53.99837112426758,23576,10.0,False,1,99.7749888768037,0.0,96.53000128636864,0,0.0,False,932,93.2,26,2
400000.0,12.89921982609012,0.001,bh_inclusive,2,52.29631447792053,23196,10.0,False,1,100.19423048103604,0.007540485687266097,96.49874683785697,1,0.1,True,935,93.5,20,2
400000.0,12.89921982609012,0.001,bh_inclusive,3,55.74216294288635,23790,10.0,False,1,113.30577873169297,0.35964058148852046,95.68215173291772,1,0.1,True,940,94.0,19,2
400000.0,12.89921982609012,0.001,bh_inclusive,4,53.2410306930542,23473,10.0,False,5,120.45642776773302,0.592558223425454,97.72520039897537,2,0.2,True,940,94.0,28,2
400000.0,12.89921982609012,0.001,star_only,6,187.55731415748596,50540,10.0,False,2035,66835.51452213732,0.0015866377413397395,182.09410863301926,46,4.6,True,933,93.3,13,1791
400000.0,12.89921982609012,0.001,bh_inclusive,5,53.103562116622925,23314,10.0,False,2,99.81394088020865,0.0,97.68779900573857,0,0.0,False,929,92.9,26,2
400000.0,12.89921982609012,0.001,bh_inclusive,6,54.83738470077515,23669,10.0,False,2,133.37647065783975,0.6810018962431483,97.98448172222174,2,0.2,True,920,92.0,36,2
400000.0,12.89921982609012,0.001,bh_inclusive,7,56.14256572723389,24023,10.0,False,0,99.73553957233608,0.0,97.1753207783625,0,0.0,False,933,93.3,24,1
400000.0,12.89921982609012,0.001,star_only,7,2941.1527891159058,1139059,10.0,False,4905,1560073.1288478035,-0.0002239830566940741,245.7529302768947,46,4.6,True,948,94.8,10,4271
400000.0,12.89921982609012,0.001,star_only,1,5061.387311220169,2000000,1.7988747434356143,True,9574,3758371.907055593,-0.004181353522010169,273.7192303526875,56,5.6,True,685,68.5,9,7206
400000.0,12.89921982609012,0.001,star_only,5,6128.093805074692,2000000,1.191396842865891,True,3123,5017533.35611959,-0.0014165633373516289,195.3756915581297,49,4.9,True,633,63.3,14,1628
400000.0,12.89921982609012,0.001,star_only,0,6477.723173856735,2000000,1.0665232149376427,True,2351,5047451.801998128,-0.000467031409770003,239.03488821709675,54,5.4,True,605,60.5,15,1514
1264911.0,14.050512321937452,0.001,star_only,2,6197.6268446445465,2000000,9.26502184464885,True,3635,2578949.895508638,-0.0029693513421082287,1311.6932289734211,106,10.6,True,664,66.4,10,1180
400000.0,12.89921982609012,0.001,star_only,4,6789.901943445206,2000000,0.9547446213214651,True,1437,4981873.273174627,-0.006954787829835319,252.7844541833559,53,5.3,True,587,58.7,7,1153
1264911.0,14.050512321937452,0.001,bh_inclusive,0,24.77590799331665,10266,10.0,False,4,141.14598792161644,0.6855866995517413,97.78119930700801,2,0.2,True,823,82.3,5,2
1264911.0,14.050512321937452,0.001,bh_inclusive,1,24.513907194137573,10285,10.0,False,0,99.89101278812304,0.007551887647193097,96.53000128636864,0,0.0,False,831,83.1,2,1
1264911.0,14.050512321937452,0.001,bh_inclusive,2,24.62092614173889,10395,10.0,False,2,100.33630753340367,0.6722980117565199,96.49919132302995,1,0.1,True,837,83.7,5,2
1264911.0,14.050512321937452,0.001,bh_inclusive,3,24.316595554351807,10282,10.0,False,1,122.85019632788216,0.5821727922911162,96.80585818084218,1,0.1,True,822,82.2,4,2
1264911.0,14.050512321937452,0.001,bh_inclusive,4,24.781829595565796,10294,10.0,False,3,99.55452051455686,0.0,97.70475870203498,0,0.0,False,831,83.1,5,2
1264911.0,14.050512321937452,0.001,bh_inclusive,5,24.340425968170166,10321,10.0,False,1,100.01978304690238,0.007547039150265231,97.85123532630487,1,0.1,True,828,82.8,6,2
1264911.0,14.050512321937452,0.001,bh_inclusive,6,24.77532649040222,10303,10.0,False,3,161.8551379550699,0.677902022776299,97.98448172222174,2,0.2,True,825,82.5,1,2
1264911.0,14.050512321937452,0.001,bh_inclusive,7,24.523110389709473,10233,10.0,False,1,113.8979178787206,0.5050662041229824,97.4008767992089,1,0.1,True,837,83.7,4,2
1264911.0,14.050512321937452,0.001,star_only,0,6831.704760313034,2000000,7.6250827432529835,True,4938,1181843.7136041992,0.0034586438011478936,3080.6575092263706,97,9.7,True,628,62.8,15,850
1264911.0,14.050512321937452,0.001,star_only,1,7264.237495422363,2000000,5.96304029323155,True,9151,2691533.38203048,-0.0021780402489468536,13150.992305719088,105,10.5,True,595,59.5,9,2535
4000000.0,15.201804919084164,0.001,star_only,1,762.3630421161652,89544,10.0,False,1041,9180.957602805485,0.012259851083001363,741.8717983195063,125,12.5,True,346,34.6,3,166
4000000.0,15.201804919084164,0.001,star_only,3,692.2228803634644,81615,10.0,False,1033,5727.875217012224,0.05348563050523495,1312.596048348621,127,12.7,True,354,35.4,4,87
4000000.0,15.201804919084164,0.001,star_only,0,1809.5636985301971,236225,10.0,False,1102,75052.2137036881,0.014585876008759293,850.7223428434975,134,13.4,True,350,35.0,1,170
4000000.0,15.201804919084164,0.001,star_only,4,956.6233344078064,110603,10.0,False,964,12818.385263173284,0.0021597112570544007,958.3476090806225,111,11.1,True,350,35.0,0,133
4000000.0,15.201804919084164,0.001,star_only,5,768.2488493919373,87159,10.0,False,739,6101.782021929519,-0.026850447125804602,649.9894624456365,97,9.7,True,361,36.1,2,83
4000000.0,15.201804919084164,0.001,star_only,2,2056.3696398735046,268092,10.0,False,923,89870.14308980847,-0.0336976674898028,676.7731398910237,117,11.7,True,344,34.4,3,214
4000000.0,15.201804919084164,0.001,bh_inclusive,0,26.6009681224823,10072,10.0,False,1,100.06569772662165,0.007545312616198584,97.68297255973856,1,0.1,True,677,67.7,1,2
4000000.0,15.201804919084164,0.001,bh_inclusive,1,26.87687397003174,10064,10.0,False,0,100.2128640129144,0.007503140376375161,96.53000128636864,1,0.1,True,663,66.3,1,1
4000000.0,15.201804919084164,0.001,bh_inclusive,2,26.96136450767517,10038,10.0,False,0,99.98820870004378,0.0,96.56302441254624,0,0.0,False,664,66.4,0,1
4000000.0,15.201804919084164,0.001,bh_inclusive,3,26.834215879440308,10068,10.0,False,2,100.15940424665172,3.680790349463667e-05,95.3196113938608,1,0.1,True,656,65.6,0,2
4000000.0,15.201804919084164,0.001,bh_inclusive,4,26.28153133392334,10062,10.0,False,4,140.32408395207074,-0.6611687580235058,98.15915268967534,2,0.2,True,658,65.8,1,2
4000000.0,15.201804919084164,0.001,bh_inclusive,5,27.691417455673218,10127,10.0,False,0,100.01978304690238,0.007547039150265231,97.68717410603976,1,0.1,True,679,67.9,0,1
4000000.0,15.201804919084164,0.001,bh_inclusive,6,27.54983878135681,10051,10.0,False,0,99.49249908798629,0.0,97.65805160812641,0,0.0,False,637,63.7,0,1
4000000.0,15.201804919084164,0.001,bh_inclusive,7,27.98906421661377,10151,10.0,False,2,129.39589643041728,-0.6240872945038222,97.54611274279019,1,0.1,True,666,66.6,1,2
1264911.0,14.050512321937452,0.001,star_only,3,7168.545718431473,2000000,5.97717028830985,True,4794,4456416.557188007,-0.001209954203653732,978.9192245265594,97,9.7,True,587,58.7,9,3096
12649110.0,16.353097414931497,0.001680853600896994,star_only,0,391.26504778862,33708,10.0,False,121,467.21779477715285,-0.3715725415278353,168.82086882230476,62,6.2,True,145,14.5,0,7
4000000.0,15.201804919084164,0.001,star_only,6,723.2969150543213,78298,10.0,False,662,3952.500122665561,-0.007614287520182044,601.4111594656086,106,10.6,True,328,32.8,1,61
4000000.0,15.201804919084164,0.001,star_only,7,799.4117872714996,91926,10.0,False,729,14349.26645401772,0.02472233926490018,369.26968623062817,106,10.6,True,347,34.7,0,161
1264911.0,14.050512321937452,0.001,star_only,5,4261.748024702072,1207420,10.0,False,4644,1086894.7042046401,0.0027867541257129706,2445.9411943682644,100,10.0,True,653,65.3,18,1529
12649110.0,16.353097414931497,0.001680853600896994,star_only,1,294.76759576797485,27748,10.0,False,117,394.6379388843236,-0.056488051137180875,187.85642553315427,54,5.4,True,125,12.5,1,7
12649110.0,16.353097414931497,0.001680853600896994,star_only,3,285.207168340683,26896,10.0,False,101,389.50130518801194,-0.5307199235515716,169.536912781511,50,5.0,True,136,13.6,0,8
12649110.0,16.353097414931497,0.001680853600896994,star_only,2,338.70569920539856,31994,10.0,False,90,340.16025520692443,-0.2570891297430871,158.54991902280372,53,5.3,True,144,14.4,0,5
12649110.0,16.353097414931497,0.001680853600896994,bh_inclusive,0,26.33194351196289,9786,10.0,False,2,99.85980827014836,0.0,97.48065612922296,0,0.0,False,568,56.8,0,2
12649110.0,16.353097414931497,0.001680853600896994,bh_inclusive,1,26.069183349609375,9731,10.0,False,3,103.93510911361709,0.6350466423867089,96.74500512612502,3,0.3,True,617,61.7,0,2
12649110.0,16.353097414931497,0.001680853600896994,bh_inclusive,2,26.61129379272461,9855,10.0,False,1,100.19423048103604,0.007540485687266097,96.39455129460063,2,0.2,True,595,59.5,0,2
12649110.0,16.353097414931497,0.001680853600896994,star_only,4,326.55828976631165,30848,10.0,False,114,295.7943066681752,0.6263798332937264,179.91458656426968,63,6.3,True,142,14.2,0,5
12649110.0,16.353097414931497,0.001680853600896994,bh_inclusive,3,23.512436151504517,9123,10.0,False,2,101.45425300715789,-0.021370115987409684,95.31758635346428,1,0.1,True,622,62.2,0,2
12649110.0,16.353097414931497,0.001680853600896994,bh_inclusive,5,24.812564849853516,9465,10.0,False,4,99.81394088020865,0.0,97.84431704373856,0,0.0,False,620,62.0,0,2
12649110.0,16.353097414931497,0.001680853600896994,bh_inclusive,4,29.785557746887207,10298,10.0,False,2,99.74589026566468,0.007557363071438417,97.42742802644462,0,0.0,False,583,58.3,0,2
12649110.0,16.353097414931497,0.001680853600896994,star_only,5,334.19322872161865,31982,10.0,False,100,639.2711526012379,0.20938292073252882,150.20669054226636,44,4.4,True,145,14.5,1,8
12649110.0,16.353097414931497,0.001680853600896994,bh_inclusive,6,24.789647102355957,9665,10.0,False,2,99.69395195052597,7.367312433939552e-05,97.98511606665927,0,0.0,False,589,58.9,0,2
12649110.0,16.353097414931497,0.001680853600896994,bh_inclusive,7,23.997794151306152,9480,10.0,False,1,99.73553957233608,0.0,97.4008767992089,0,0.0,False,598,59.8,0,2
12649110.0,16.353097414931497,0.001680853600896994,star_only,6,295.0309648513794,27674,10.0,False,82,311.4926361110341,-0.08393250488894101,158.64641833133,55,5.5,True,126,12.6,0,5
12649110.0,16.353097414931497,0.001680853600896994,star_only,7,347.92493891716003,33136,10.0,False,88,251.2199002602229,0.2664160912765764,157.09626280324974,46,4.6,True,149,14.9,0,5
40000000.0,17.50439001207821,0.002989026617574047,star_only,1,215.5434112548828,19376,10.0,False,33,148.72404439173357,0.20639371027974576,109.66686429172559,23,2.3,True,70,7.0,0,3
40000000.0,17.50439001207821,0.002989026617574047,star_only,0,236.5418622493744,21775,10.0,False,25,166.0907266763203,0.5593112537094331,107.49545931570421,18,1.8,True,94,9.4,0,3
40000000.0,17.50439001207821,0.002989026617574047,star_only,2,224.8182213306427,20333,10.0,False,17,185.30531147856672,0.5327297092012684,102.78059134756042,17,1.7,True,85,8.5,0,3
40000000.0,17.50439001207821,0.002989026617574047,star_only,3,231.46912121772766,21171,10.0,False,26,173.3867715392428,0.04442866222366009,106.74845321400554,19,1.9,True,82,8.2,0,4
40000000.0,17.50439001207821,0.002989026617574047,bh_inclusive,0,55.876347064971924,11038,10.0,False,2,100.47811306150298,0.007566407507508228,97.78119930700801,1,0.1,True,541,54.1,0,2
40000000.0,17.50439001207821,0.002989026617574047,star_only,4,222.65367484092712,20610,10.0,False,21,140.7373581709379,0.3725560099370054,105.05669957120546,25,2.5,True,88,8.8,0,3
40000000.0,17.50439001207821,0.002989026617574047,bh_inclusive,1,55.500136852264404,10735,10.0,False,5,143.4063861595984,-0.5813278906903098,98.07507878763022,8,0.8,True,539,53.9,0,2
40000000.0,17.50439001207821,0.002989026617574047,star_only,6,210.53731966018677,19238,10.0,False,22,168.84525453178853,-0.5745330841529515,106.12552928359275,24,2.4,True,70,7.0,0,3
40000000.0,17.50439001207821,0.002989026617574047,bh_inclusive,2,56.32201671600342,11009,10.0,False,1,101.58636062117617,0.03668707435364897,96.83066555726882,3,0.3,True,539,53.9,0,2
40000000.0,17.50439001207821,0.002989026617574047,star_only,5,232.32327723503113,21193,10.0,False,27,257.2133203978419,0.4564436765164553,106.66573118939748,23,2.3,True,92,9.2,0,3
40000000.0,17.50439001207821,0.002989026617574047,bh_inclusive,3,56.29816937446594,10926,10.0,False,1,101.31877406148705,-0.022132973252134612,95.88825973437497,4,0.4,True,565,56.5,0,2
40000000.0,17.50439001207821,0.002989026617574047,star_only,7,237.29819059371948,21934,10.0,False,13,139.87093099891408,0.601953266359315,102.50408950908735,16,1.6,True,90,9.0,0,2
40000000.0,17.50439001207821,0.002989026617574047,bh_inclusive,4,54.01371097564697,10937,10.0,False,0,99.96588164841305,3.687898906571495e-05,98.3163928021514,0,0.0,False,539,53.9,0,1
40000000.0,17.50439001207821,0.002989026617574047,bh_inclusive,5,54.74085307121277,11040,10.0,False,1,101.05217599135182,0.014763526897159178,98.25435544092765,1,0.1,True,584,58.4,0,2
40000000.0,17.50439001207821,0.002989026617574047,bh_inclusive,6,54.11517119407654,10959,10.0,False,5,168.01923407519257,0.6362116049947036,98.62689605948555,2,0.2,True,513,51.3,0,2
40000000.0,17.50439001207821,0.002989026617574047,bh_inclusive,7,53.88040471076965,10937,10.0,False,0,99.73553957233608,0.0,97.63805475824645,0,0.0,False,556,55.6,0,1
126491100.0,18.655682507925544,0.005315323901171724,star_only,0,181.38544535636902,17109,10.0,False,7,110.48680892666081,0.6740880139510098,98.99678381628468,9,0.9,True,94,9.4,0,2
126491100.0,18.655682507925544,0.005315323901171724,star_only,1,159.5812051296234,14801,10.0,False,3,165.91986292148488,0.6470696259358873,98.68515366455324,5,0.5,True,71,7.1,0,2
126491100.0,18.655682507925544,0.005315323901171724,star_only,2,165.05721998214722,15183,10.0,False,5,122.22349751269185,-0.6679415485350032,99.91985719483282,10,1.0,True,74,7.4,0,2
126491100.0,18.655682507925544,0.005315323901171724,star_only,3,173.52529668807983,15868,10.0,False,6,147.55962751844612,0.5886525906527886,97.6169800208548,8,0.8,True,71,7.1,0,2
126491100.0,18.655682507925544,0.005315323901171724,star_only,4,163.62162685394287,15075,10.0,False,3,165.37633754947566,0.616400970540851,99.62586194049591,8,0.8,True,78,7.8,0,2
126491100.0,18.655682507925544,0.005315323901171724,bh_inclusive,1,135.95365262031555,15704,10.0,False,2,187.3567700512667,-0.6669165218220336,97.33834740368374,3,0.3,True,364,36.4,0,2
126491100.0,18.655682507925544,0.005315323901171724,bh_inclusive,0,136.51612091064453,15918,10.0,False,5,162.0754279461327,0.6746665734747684,97.89188022767551,4,0.4,True,369,36.9,0,2
126491100.0,18.655682507925544,0.005315323901171724,star_only,6,164.58772039413452,15160,10.0,False,5,162.76560123127285,0.6685252424137714,100.109735860416,11,1.1,True,70,7.0,0,2
126491100.0,18.655682507925544,0.005315323901171724,star_only,5,170.183607339859,15786,10.0,False,8,151.8125096195174,-0.5725261376628682,100.41482124593716,13,1.3,True,84,8.4,0,3
126491100.0,18.655682507925544,0.005315323901171724,star_only,7,172.84063291549683,15928,10.0,False,3,101.45452765574942,0.028940043964934634,98.85453356916818,5,0.5,True,83,8.3,0,2
126491100.0,18.655682507925544,0.005315323901171724,bh_inclusive,3,136.34524035453796,15741,10.0,False,4,127.75640438824902,0.6079250597265625,97.06708807576553,6,0.6,True,382,38.2,0,2
126491100.0,18.655682507925544,0.005315323901171724,bh_inclusive,5,133.3694384098053,15828,10.0,False,2,116.87567049512509,0.6890622641754043,98.36562628824936,5,0.5,True,389,38.9,0,2
126491100.0,18.655682507925544,0.005315323901171724,bh_inclusive,4,140.73683309555054,16480,10.0,False,1,100.55209721446414,-0.0015254546640611052,98.94696045789074,3,0.3,True,371,37.1,0,2
126491100.0,18.655682507925544,0.005315323901171724,bh_inclusive,2,145.5756537914276,16845,10.0,False,0,102.56882761604726,0.007459653845067976,97.04154006270534,3,0.3,True,354,35.4,0,1
126491100.0,18.655682507925544,0.005315323901171724,bh_inclusive,6,127.11086440086365,14715,10.0,False,3,121.84023170282612,-0.6582671720656965,99.28316148278321,4,0.4,True,331,33.1,0,2
126491100.0,18.655682507925544,0.005315323901171724,bh_inclusive,7,114.05869436264038,15332,10.0,False,3,105.93739864735434,0.6228991774989885,98.05010755245692,4,0.4,True,388,38.8,0,2
1264911.0,14.050512321937452,0.001,star_only,4,8167.898656845093,2000000,4.040997719363593,True,1764,3423980.176310818,0.00922263048569215,409.7245127975346,93,9.3,True,534,53.4,2,795
1264911.0,14.050512321937452,0.001,star_only,6,7813.461662530899,2000000,3.8506691010457663,True,1501,4910522.917976838,0.0010555795762693123,311.2078947893018,78,7.8,True,525,52.5,4,1141
1264911.0,14.050512321937452,0.001,star_only,7,10265.05036497116,2000000,5.49319793759657,True,3853,1927362.8876193168,-0.0018831347344311802,1373.1462361906956,77,7.7,True,587,58.7,11,1501
